PS:PAN ratio;Feed rate(mL/h);Distance(cm);Mass fraction of solute;Mass fraction of SiO2 in solute ;Applied voltage(kV);Inner diameter(mm);wca;q;sigma
0.468762847905998;0.5604047129209055;0.593571892496113;0.83189189069621;0.928099291606864;0.5738904191110992;0.6633456112924789;143.38747424189702;34.16755739697902;-2.550712577211841
0.7943085055338563;0.358828691599216;0.5777970599016593;0.7184011820094698;0.7695759447146241;0.784115621490028;0.463030606444079;158.41376352049195;98.04127026288802;0.7202076124455346
0.7434282484822501;0.5591069513421308;0.8415202847949304;0.7403066222824592;0.9449425828302946;0.9439165163890916;0.4569949806455634;146.42375256587914;139.4057151457402;-0.8238629956175458
0.9152049567226216;0.6667209216179913;0.5389617070882359;0.937859085885972;0.4981802329988218;0.9931680855934996;0.7831462047360022;146.30929707207125;75.1171917176186;-6.674672647079614
0.942828501595545;0.5068266018334686;0.6719364567329192;0.9863870952971152;0.4008481215637324;0.8507670540608929;0.9592242807142628;139.54595262062557;13.516657112144172;-0.9026402958129544
0.6314519001274466;0.9227907201589352;0.8858249694449758;0.96986563588193;0.5561645619794915;0.6282663989356746;0.7998573376086032;138.90290768955808;-29.513164581770862;-1.8531457130139124
0.922658731120238;0.7098930032441063;0.8699962802205017;0.7590377372580003;0.2467165995655817;0.981407405376701;0.3555590539601832;153.78366599732348;80.01671726600222;1.5434912077838376
0.6924259871148839;0.6689354152791869;0.8722220508649993;0.9088587824862672;0.3779711567918164;0.8050585319929051;0.501547999557174;157.30320376268045;71.73857292246541;0.6173125085847673
0.6146508258243903;0.8101293123726363;0.8595595152713149;0.9359460353467768;0.6901318290927158;0.7222557268116798;0.7633782942160272;136.01281280634018;0.5984258509709832;-3.1916662539853284
0.5035319053002332;0.6184295411240552;0.8607661476132156;0.8177306253368936;0.6567427876927178;0.6328747607513928;0.6897203565145922;148.47174571528254;33.45990051932611;-0.3371752921272133
0.4914359132622096;0.4650775349793931;0.9645106380986956;0.8983583682198113;0.9673135164025628;0.958323859452732;0.7054299206933656;116.4246902462096;160.57168363579763;-6.035478678795187
0.5613896554974586;0.6152358520492682;0.6083815084547675;0.704180683567626;0.326565010168043;0.9913100610491932;0.3786220505156205;177.17065458510376;132.24482526934992;-7.620094505079866
0.9329879721348264;0.7322786687951903;0.5708380331384961;0.8952934090386095;0.8441873783581897;0.8730672583948529;0.4938944458197993;136.2384526094615;51.526338910025885;-3.798742843976079
0.6369551532099278;0.6456840221903938;0.783591965635312;0.9795150845266096;0.1630167324763403;0.9260044259960002;0.5323779504234631;155.7395146327831;105.29736103728078;-1.629893653611422
0.4491906740364719;0.689295137623106;0.9313704294100448;0.6879612519090268;0.9783030899971402;0.8197942610327802;0.368816827291057;129.7596722952636;140.47416105453402;0.624989427802813
0.6121543618640495;0.3815233490817016;0.5788216416959047;0.8968558375756548;0.7430142458463231;0.6509324954367621;0.5596601476745116;157.77082232411053;81.09703241108048;-0.4513754757075503
0.8182044786047786;0.7906695212389335;0.6982567427066136;0.8419604237405741;0.5811561365360502;0.9130742329372952;0.6593776463657042;149.07511563656175;59.293592003845504;-4.009157693588144
0.6173858527764857;0.8068214512141678;0.6120296408492949;0.871555111829909;0.2860617646317041;0.5764605763022442;0.4993826666695442;146.54131540783243;41.35261418701464;1.251041917548907
0.6619613663692682;0.5159150637373204;0.6158379602509251;0.7538105945428499;0.3903861353428254;0.9090191832866834;0.753894652419655;161.68679792368937;96.0116280594057;-4.713837978356064
0.6595075576738929;0.4138189172178094;0.6575421517627005;0.807968778010965;0.4402638694020464;0.762265126020082;0.4051361073503886;163.33443152795573;98.18770574803052;0.6801608331261182
0.6034666147997148;0.51156449170517;0.9999976483247994;0.736397023444802;0.913718078658046;0.7360316326198705;0.3707517965896514;150.55711778367697;110.66969239566036;6.538021936924078
0.719264124905334;0.5742171380487335;0.768718955050361;0.8263367929875995;0.9006976960657533;0.7697141924736263;0.325073538925282;157.53642447172902;112.78959718582408;2.395130892567007
0.6157646558210048;0.9166622257686317;0.825108080665866;0.95901611007759;0.0209005630581126;0.8300650111527756;0.6263661176475959;146.3872397194275;82.63718744620101;1.6565149730024693
0.7865473514054644;0.9178149446573054;0.8193150776489717;0.967292064419284;0.109282534240115;0.8299171651110647;0.6607060682442951;148.329843633229;67.06977905355117;1.3504014565050326
0.5666376303704502;0.901457360159021;0.7261296711836734;0.8075059791492152;0.2967412931736439;0.9365710081859926;0.5515298345643822;161.36703912987957;105.52589005612516;-4.581287605928448
0.6011640785282095;0.3583885950292831;0.6362495774317365;0.6791551489183436;0.3648516879022418;0.9161921344128908;0.7697110022267064;161.4273242328416;105.9875857886033;-4.422280080804683
0.714743315398823;0.6031552711347774;0.8977097829907188;0.9840102495328218;0.1153904821155607;0.7882645812348897;0.5455569660065192;146.96357405921114;70.51248425386456;2.654841616794944
0.7552959522674726;0.9120185536370762;0.8398099053997492;0.7871517631094963;0.4258682772304242;0.6796104721394296;0.734903299281336;153.01569215587847;10.233075704442882;-1.1544903259238897
0.8609962591235036;0.94086292065942;0.5611159867674478;0.9738797945710445;0.3448688986940586;0.8065370488275372;0.8465072486068759;146.4369845545406;4.535930602833645;-0.9248460470621254
0.4996925440696692;0.4163321234350312;0.7546695094681983;0.666851716869215;0.6321854931673179;0.6403938320433419;0.6563148266909176;159.693320600288;62.336899175733976;0.2373283466535696
0.6559003726324372;0.4920512842601396;0.8358072366714387;0.8881886970822669;0.3609213380947937;0.862837382290945;0.5866867935467632;156.70758821123496;93.09015468619646;0.2610365710551718
0.8232882201422034;0.3525574542392888;0.8032551959795411;0.9053945523353016;0.6473271081632497;0.9220804839834068;0.7553867244271908;149.68105276794438;81.01056759629054;-1.3104644897900537
0.8449497038095175;0.6853931722027848;0.5285739278556781;0.7421392119804204;0.7859255633053437;0.6289651713153491;0.3771379924029314;132.3922380804826;39.665591388980886;1.8697503062338257
0.533488201812036;0.3936161676957806;0.7503549378716763;0.8662035309138689;0.2662775587888765;0.8125695304683079;0.5623512239671373;155.03064011137658;101.45694474481796;0.142640743352846
0.8087228367894843;0.99667921290487;0.5438886904145616;0.9039627121246432;0.5393566949622216;0.9620064763421046;0.7672848026346899;144.5969066607692;61.33344700969616;-6.976230680819736
0.9997994342444182;0.476313204883387;0.9788959271005888;0.6818894880206753;0.4582619960730376;0.645806773798215;0.6295491984183599;178.08519737205884;61.85337662382719;-2.190259743128306
0.6850464391728097;0.3651910206270537;0.5963905523967348;0.9418038527502924;0.1293162275802287;0.8698010832221021;0.8175837101456095;135.82069200991054;106.41518861130668;0.2873928016724107
0.8948945466996755;0.4248204452077238;0.6878142559626754;0.995826083781699;0.8370838752603752;0.6243146825797966;0.8148939263888126;146.2092156404375;-60.747347574070005;-0.4955315508051754
0.7666636691727033;0.3799759512375247;0.9567860825030838;0.9390131566226536;0.3745364668762768;0.8359873459099091;0.8599775510427854;137.82630624127611;57.793092025531394;2.958374224376456
0.8971710169397644;0.3876877862467548;0.7352108776358256;0.8521614573431975;0.6727574042571763;0.7387711399835761;0.3836974209709953;166.88766456245324;82.47819013582034;3.0708461807178207
0.5188346956723423;0.9056805708348395;0.9084383014218596;0.8191479276948698;0.0960908289284772;0.8388243917249689;0.5382103570510977;144.77243015216996;75.33822536427863;0.769817465048451
0.4402879751096853;0.8088594321132416;0.5727142812096185;0.9779021324434292;0.0921271944380842;0.6703466782626267;0.5860588148148749;150.7030671084893;67.04321821968807;-0.9148885510656212
0.7365520363597211;0.5508310892131099;0.9595956486262168;0.9915056166749489;0.4853704903317941;0.6427592150677246;0.9756474345985112;142.99130272010498;-17.373344219815436;0.1841978127544052
0.8770062920142165;0.502405725019905;0.8662003810702186;0.9901220478720906;0.882533823864826;0.7701162624552383;0.9872188466931908;127.14055609288448;-73.93884985840822;-3.702446979272265
0.5242105148159613;0.6947453669527887;0.6605130417403577;0.8220674377836356;0.6268097985436087;0.6126512749744969;0.4109923309459621;154.27264603615018;66.16718937246756;0.0920921964095562
0.6455603226332298;0.7057521779185001;0.5856433028839005;0.7607948403165203;0.7379364566585779;0.6724618887073699;0.4016126303334529;148.41921444959604;67.73528409117745;-0.3789835155544026
0.6484942395006846;0.389870444618822;0.8037399925206121;0.7728018180149759;0.5502775595547399;0.6853106936786271;0.7279950246294106;158.33496828839725;53.26461358784033;1.6651981288425617
0.4770409869768755;0.8124072161813096;0.963176044086582;0.7959560761038325;0.0295500908369599;0.6078265251308499;0.9446331414391544;139.5348112257683;63.44701997676766;2.241716073591757
0.6400857487528588;0.4323293297067755;0.5469479397703388;0.8681488972943349;0.7032289660000437;0.8665067884903206;0.3456243685837011;176.39262485963678;172.46640323632806;-5.830262935076444
0.9474111883016784;0.8626546626074174;0.8091125432758355;0.7922579640072912;0.950315480502924;0.5819096480090663;0.9250560536028104;130.22460773590308;-162.53479095012574;-5.1519271247725085
0.5711568834018831;0.5000993323580208;0.9693594465242132;0.6965987262579859;0.3094710528570046;0.9295214627728912;0.6234557164552663;148.5927549780526;96.36977195051745;0.135155311832662
0.5281917610310695;0.6482360138783921;0.5045073203532673;0.6968480975161219;0.600566923785511;0.5752158596659971;0.9714005590412392;153.21842461219583;-42.47234159384615;-2.5354342873073463
0.7273652823310266;0.4261662406116954;0.9749395008568216;0.8234190137241939;0.7097925939558499;0.7659103971240537;0.898583690715769;141.90024346847323;19.88623575417148;-0.00226891447039
0.7793577185085492;0.7685526264573805;0.7180756115218998;0.6893822013936147;0.6378277454228387;0.6998556447215859;0.7940775345566317;151.74696456990822;-23.76738652203053;-2.215955893327098
0.4786843037729018;0.6226730594652143;0.6058289980662943;0.849634246969094;0.7366012530216322;0.889408046101466;0.7853816889863166;160.38743108273314;145.41158288316336;-14.943638247035643
0.5169801681189994;0.6440359782983183;0.9910096800410676;0.882729363949603;0.540539568458602;0.9492078062533742;0.9816488527773376;113.6587267961632;107.34552124153524;-7.229183831432632
0.8504841151313665;0.9500708562439072;0.564756059403952;0.6765026116602316;0.5949793199337206;0.8268187597778958;0.6830079436208458;137.99795278626047;-14.66840181190014;-1.3793551603118743
0.88140853803233;0.5201544743810756;0.7493444204587671;0.861162286789874;0.6697330848433533;0.6603558859162857;0.4511964688646925;162.12011816699857;51.32907588214687;1.6410038503524262
0.5367885650840708;0.5987821826922153;0.7424607573841526;0.8004694015188526;0.0034664447161398;0.740843617385772;0.805646587106607;140.99123652963831;71.99636229217171;3.067012360564769
0.6579343835237181;0.6829465576567734;0.8165916523398749;0.9429474985345728;0.2680802059613578;0.9957758760684432;0.8829992417544413;142.30078302268913;127.11046382818536;-4.519269837626613
0.7755814337888844;0.4058994529338877;0.584882994339401;0.747331096125313;0.3039846127583972;0.9067877481679404;0.3990467922793352;156.42984890657786;91.53472582170916;-0.5324541757827461
0.8220603204733095;0.7776032533104149;0.8643782916799106;0.982372021126938;0.2290719832238967;0.6213701193165179;0.6159983360513523;156.40489302836767;45.21868054032268;-0.2657983633739214
0.6750443973000453;0.987874173850811;0.8992936417168784;0.8672451380188342;0.2436003969513033;0.667859965952862;0.7505439512165485;149.53735143701078;34.41498829753996;0.209336877475085
0.9912615842281516;0.4095518199469976;0.9142295365742454;0.710100816027978;0.5863718929497912;0.8608320895397132;0.7456701756955946;158.62776963972658;30.685274024823173;0.9745042591721962
0.794012639312081;0.9264108380335356;0.5911305676792924;0.7453130679110479;0.8191339161508319;0.9889212278491616;0.4492784526796842;132.91454653996544;114.0175680639896;-6.11316511707777
0.8401347472506973;0.7295046234530171;0.9717178053324284;0.8734609067814287;0.8626123524947595;0.9194269692601504;0.4334566180009016;133.01176067210326;79.2785763384029;1.6102991333436592
0.7490123917352973;0.8645123760591881;0.6554961274707248;0.8379110796191005;0.3177737312432345;0.630483000688536;0.9113577532753416;154.9453161508169;-15.635663260421609;1.1756369940100218
0.8861686660372221;0.5041296196927877;0.9452600323217452;0.7211793724935888;0.544170289621893;0.9637031948973288;0.9500704124617956;140.88611274829654;44.47739039094898;-2.126027442962524
0.906362106061072;0.8189645746995513;0.890033603945528;0.7429249813940484;0.8163086892104162;0.643520473117618;0.9014417025562964;143.06264993999102;-90.9075249728636;-5.0252297467388
0.5310421668331125;0.4679230058052832;0.5135104147796429;0.9585730748548345;0.9061089182846152;0.7275702070395269;0.5809594293038585;158.20122171708235;119.84940233980949;-8.220192420101117
0.9299785933946648;0.7817549754862458;0.6885229905324144;0.7684080637262495;0.4444480381369569;0.7231588611998926;0.5644405805779242;149.64674349275808;19.516145373600125;0.071008936701622
0.8758781105709426;0.7998014135166662;0.5182840127113163;0.8253750491824896;0.5142558658960309;0.7729730220250463;0.3296621676973507;139.96764227052245;57.9661006746004;-0.293511133764099
0.7207432677981034;0.5441932452933094;0.5987174689670935;0.7385633546658007;0.2874491732180786;0.7018099024900843;0.6337994375330723;148.89649356130656;40.69128238002909;1.7067810523427216
0.6065623025353712;0.4879779858344473;0.8576107006987568;0.702092119301227;0.4214309755915544;0.8780887787493212;0.8275951015317465;153.14969748058544;82.89320963071586;-2.5362043810179102
0.6997406377824442;0.7266093594069408;0.633258479469446;0.8584371659986081;0.5264604262394746;0.8827349733512737;0.350575520340426;165.02845290766453;113.59155007027276;-3.719096479157894
0.5328317928979796;0.8404259214905988;0.9321992098246508;0.9757578893034524;0.2520258995817226;0.7008188042641372;0.5786892580468436;143.84432926922574;48.75989352159192;1.1647802931103843
0.584275264327516;0.9210115626779868;0.6480088323780813;0.8354121306592691;0.0512920662205728;0.6597746526434506;0.6809618240414175;148.5316758988268;45.28635695649032;3.115984902615601
0.5066771015215443;0.8844591276346934;0.8465407374027584;0.7024054027259118;0.4553014390318547;0.9678057659292651;0.6162560710229599;149.8326447437737;112.14605196995105;-6.8766218227972935
0.4760346773740347;0.9475503585220164;0.8334984054513406;0.8695362617103339;0.3894629427058617;0.8085856977349516;0.5577616939587002;147.9963529887684;72.30530394543172;-2.7026761618164645
0.8043939087043817;0.7359727687382586;0.9192137861885096;0.9652986657905298;0.2125582462076239;0.737491866299232;0.6315380164641746;152.27412858983945;53.91295698263062;0.8991763616748898
0.5414782789828925;0.3763156256173788;0.8828556796479565;0.7803654232973474;0.7285521051501067;0.9520867501552506;0.4839436217269315;162.89357834600793;174.0487375581773;-1.6566431323626103
0.9930810832383872;0.90419780837567;0.5009804511521472;0.8846587067620458;0.5301361168514567;0.8869701222789492;0.3673050150564307;132.60916574699002;51.8312108039525;-1.4861828809321338
0.7072608524343416;0.962694717127446;0.9613304111848412;0.8592582775093832;0.2224400612123056;0.8546638883769104;0.7912450343160404;139.91820891240351;64.11594405468375;0.0423041743232417
0.8313969598694961;0.6744588564962413;0.8148908933495909;0.7091781395535005;0.8083234152098101;0.673576089115477;0.3611481839263134;152.09938546720554;68.57451064175413;2.232244379433494
0.9829418857983664;0.9243379006063004;0.7758777935658889;0.7623903843305712;0.97614923369299;0.9327121290963736;0.9471243826795496;95.57586026090686;-79.21346533496569;-7.79117831445874
0.5746819319799538;0.4370624318610672;0.5742652643734515;0.8637512545273546;0.2172861815355436;0.876166265023357;0.918170001744736;149.67857927268474;120.18057187831316;-3.9842263222942895
0.6645734052341937;0.8703791249809295;0.8927036480575359;0.7235973851506297;0.2727501607964789;0.7073169431590524;0.9287738612324116;155.95577655892575;23.638015915445152;-1.2204658825920216
0.9360126951005648;0.978803482891478;0.6932290230228044;0.8861151119036206;0.9941018451194596;0.6962400580637806;0.6018341076039486;106.09361925516764;-77.2920703459688;-1.5079822451084084
0.9898705098795768;0.5673734496048484;0.8836525212652768;0.6990825568254913;0.5000779868483608;0.9019891104982664;0.7101810499680825;154.9153549017737;33.874014009133646;-0.2433188645880193
0.7420746165339713;0.9644115608729636;0.5222099683643502;0.8787836482375586;0.8871727056909716;0.7255940954977016;0.8864414562399289;119.9188763540772;-83.98147549973166;-6.584824589890866
0.4896318354019636;0.9081201625445344;0.8445711622873309;0.7329744810986265;0.082201267064388;0.6801769579731349;0.34275074965727;142.61382042068973;52.819650016899175;1.3464579843381994
0.6658991133466535;0.8751178803531584;0.5071844620700695;0.9881338463671936;0.7651229156818383;0.6350806143498792;0.3872871324651388;138.9495121354881;34.459546704447064;-2.3286838971713437
0.5506357930576898;0.9868643345858517;0.5975233026323024;0.8756107488167759;0.6965737644237103;0.880098368677598;0.6673188289583373;147.3125382364462;91.24914798478495;-10.77356813740382
0.702994292199135;0.6986585350326311;0.99561918489186;0.931572963207679;0.2806107496034036;0.8478554909225209;0.6522818066568288;142.79303197331515;67.76237141528398;1.3968029994857003
0.6535419735849873;0.9841354171743836;0.9231245320227316;0.8626383140596217;0.3338633299685627;0.6558382803105021;0.6414876989987535;146.90086211140047;32.84356267837501;-0.1145358874047914
0.4870657221334801;0.3612886229015802;0.5414547459909452;0.7004916947486286;0.4081463238444852;0.8461302148873878;0.8743438917901905;162.93214292074762;112.33467018543897;-7.710074151568524
0.7593887569687949;0.6275504165069778;0.531217278853534;0.8365330514458649;0.605991517409744;0.7453285415043068;0.4710778551722248;152.2108879045375;64.71245450179731;-1.658575155743799
0.9764669612311192;0.9341060031188316;0.6210390214878727;0.7086638899280876;0.8043683540875336;0.7173381259049909;0.6726350531043372;121.8094591502329;-70.24790276603247;-0.8630551013273369
0.5235805649095396;0.9325925323983671;0.6460393598236103;0.9515115052669194;0.185485186782549;0.6486854307684776;0.3523590516441871;150.08981899226916;57.66416872000278;0.1532324743591537
0.5899493435438282;0.5945658680300646;0.917790147196958;0.8817662819197173;0.8666824633646595;0.7952727438698417;0.543007905705732;141.02054270920488;79.72780565242883;0.3320744054156499
0.5852728971594998;0.364501294395194;0.8738516064497874;0.8529085229487321;0.0781849229178471;0.9312819282875294;0.4117839429220129;146.3890580317121;88.7278093989107;3.1856797268115145
0.8379486533315745;0.524705428920701;0.9414214394166038;0.7526668796718347;0.6264887636619517;0.8081189420409828;0.6370594868658492;157.85322016120946;51.60146663199393;0.8777355667840254
0.957731778224966;0.79758927688267;0.7665745585852732;0.6852806774146278;0.5927381582747611;0.8140220579127145;0.5135255747906033;146.90073863899678;28.223201504670385;-0.4628459538941136
0.7970741018034407;0.8154699820482991;0.8711383294144763;0.6723990137381178;0.0157560200444403;0.6149811803390137;0.8532941681402331;160.3277254274674;60.67966952390607;0.494314635522052
0.556717420840471;0.7223323296396286;0.94792694001748;0.7650921564575436;0.750976582886934;0.9201443532548692;0.8558743742906404;121.13195295808065;82.3074800062351;-8.102412038064637
0.5202443029877613;0.7145286214508981;0.8883017370064886;0.9997283379819312;0.6792967003520448;0.9646061038358116;0.612916342940999;137.46845113805875;134.65695741990078;-7.764724137435618
0.6886156247123005;0.5790652151657737;0.5490160598505456;0.6787218979146877;0.2082461628178669;0.8023835049227795;0.954140861875706;154.09981958326824;26.199238563859296;0.8803071305610644
0.4591669703444095;0.7383447356434791;0.6833972238464652;0.6915981535452891;0.856637781910706;0.692346519299199;0.5830672553907253;143.95948496589216;58.20625677050273;-4.566261787341247
0.8557132061298154;0.8285083443555373;0.7043171579179097;0.9725483283981396;0.7241177479423632;0.5728245506038517;0.6487281887422796;143.52169986711024;-54.039490236649016;-1.6027222637313925
0.5058213963907615;0.4292928506809439;0.7094109934044688;0.9508949171530144;0.1181257632548004;0.955032505818783;0.5765782129668253;154.58572145979227;142.3713823121779;-4.421079538902696
0.98836973137884;0.5833286457884829;0.976590881964047;0.7910063178027192;0.0676202201844344;0.6949780277342781;0.379990015910583;157.91038941309745;109.22239807817228;-1.7792993132302932
0.8894116830839682;0.4942363766505203;0.9101089973083716;0.8903044745790476;0.0602464208054869;0.6475895336118664;0.622958063747717;148.48891582484737;84.27562983201705;1.9758220239172355
0.5789298915782994;0.5726739089352538;0.6751781996506723;0.6950842044456239;0.674342740665281;0.9783670210448776;0.4531519862579979;172.41656687430304;170.43490571695617;-8.310945421531557
0.4299638997281289;0.7493523359253755;0.6697929649065698;0.8651465775149616;0.355213276073129;0.9562850727425424;0.5120726923640841;175.6404807679778;158.92576089083985;-10.783092967582023
0.8037203246665834;0.9717102028203308;0.848855429231373;0.909152717594288;0.6876308379424685;0.759780892704357;0.675121715399658;132.152011915318;-14.119496284503583;-2.338239867092039
0.6233104893763601;0.8930106522611684;0.6265160582587087;0.9666453758362415;0.6637371549862244;0.6160051985570825;0.372659864037681;145.48527527987363;36.71514473107166;-0.621325448239757
0.5717306371409858;0.6057560164898834;0.8182807031792863;0.7071193769686949;0.7165036662969968;0.8013311806294938;0.5709118088872767;155.12786481335544;87.12740534830016;-2.40521404121683
0.5876948129429972;0.6658576296079795;0.8288301778970997;0.7699516226440591;0.0356157797649723;0.8326275311233602;0.8011042145177452;145.3675489578929;78.94446177666356;1.811100806010796
0.8696769446079772;0.910650703941983;0.5867531023845115;0.9240604500487416;0.8662266697850324;0.7677361084346168;0.8996608556233653;119.42820855091978;-94.02830480304397;-6.170827022578699
0.7319887331939805;0.4570158758833852;0.9340736168982694;0.8282741496450838;0.3528146922053846;0.6754042622723363;0.5914944711089433;159.29889168274212;66.66495381888944;3.0931459321163004
0.5125345166811281;0.6796381747152328;0.8537812261872348;0.6826840973954084;0.396020343015887;0.9419533837732484;0.5992525155529231;157.77068524456098;107.56882363900507;-4.937812274272147
0.946332080324444;0.614069944441503;0.5548270009756424;0.7740947149317405;0.4715410401082853;0.852631433287613;0.7212862589489996;145.02618003614745;14.548534940183174;-0.4903209514176261
0.8059535345520401;0.8033757690536493;0.8524607356266922;0.7189772448764338;0.2737631115463034;0.6829961777993333;0.9976372372081224;163.25599817438658;4.594815155849858;-0.8463083031574818
0.9111787484524738;0.4412427453038303;0.5056032572343678;0.8747040643250855;0.5886829158803772;0.6062612005661129;0.7725293199262944;137.28053398002575;-25.525479860820692;1.772939925048913
0.8992804527811024;0.4753482674215159;0.7218713111962676;0.9130108257666638;0.3003101661761113;0.6663789687439788;0.9810291440351144;146.23960561806874;1.81698108481757;2.6400798157954526
0.9349836043058244;0.5094390825909498;0.9208349246906936;0.9981558788739364;0.9363806967156892;0.9072759060128558;0.4419745002036424;148.6328211058021;61.6217365532998;2.448976861113451
0.4462727849454061;0.8977100571194848;0.9836911756273454;0.7316436154230066;0.1599027534347506;0.6972849877386565;0.6078799754793768;139.24232149247786;52.883439866628606;0.4196635849765684
0.4452980713499586;0.8889519531239944;0.7474249643893749;0.8604689154048936;0.9819327635917158;0.8791493854584881;0.8698453133945333;108.95391807420047;80.4139567925871;-16.56983612318732
0.9967017072565711;0.3731662795766731;0.8468025103620441;0.9489136574192852;0.4528715316652878;0.6545851797745094;0.7235412954784904;161.2242850143392;16.346838849822177;1.3335235894582755
0.5681564507454572;0.5925491420833198;0.8061638810939089;0.7703150453634594;0.2904959957585486;0.945965453335036;0.7069528158231384;156.4378576534037;113.00314826034628;-3.761553800933996
0.9446848906424724;0.6518275784562784;0.5658945633767055;0.7791703561792851;0.9082160285522318;0.9664908972862528;0.8356287012829222;126.23222295910936;19.02195724606372;-8.259691777925738
0.4394496777347959;0.723119305035995;0.7855487029426882;0.8367147798639726;0.732210940668555;0.6633938411281612;0.6428373176281541;144.30304177608318;41.9249971351656;-2.926099605276878
0.8006653112560072;0.6299490335886984;0.9005356093039103;0.7443394936601241;0.963974522349677;0.653074706720813;0.4076455273102894;148.24869038909236;60.28692440250097;3.8175142890181855
0.5389599762069568;0.3840362408311354;0.948730964447136;0.9144595913271611;0.1707450605289886;0.9861288415529124;0.4803179117346883;144.12250904152012;113.33648046394173;2.231176999123914
0.8382408989230927;0.5211983329357346;0.905736457433382;0.8302871723487801;0.4044315421103026;0.6215741115951862;0.3238650070167026;169.61748414127698;95.29769469750404;1.643442430512506
0.813843468394408;0.7747437541323567;0.7772058328147411;0.733790192970719;0.0838005863070806;0.7629917323572635;0.6197921099579234;150.12294188480985;52.317672241423935;2.0580531589689617
0.7712081648243829;0.7961528873020322;0.7464928715951034;0.9575922984778834;0.560034919167179;0.7979601096223465;0.8523157340599169;144.79747964748023;4.102718870904795;-3.9616154470896223
0.9786684441592576;0.8912960908169241;0.6249437718515845;0.7297183115208685;0.9320681176437448;0.6872906059779802;0.3613508210770101;111.5099941972206;10.186011532291047;1.9662639497392576
0.5437055876144545;0.6788969688243163;0.7369866465410242;0.9934383439971436;0.6850511633638082;0.6383470398115144;0.4650447299530084;155.57394435890126;48.400451960570365;-0.562261400346765
0.7372674380578754;0.6398895612482404;0.6068822039464048;0.7665012448656296;0.8255636340852892;0.6139323501495888;0.4916665844700851;144.13352950083336;32.69747044492664;1.0291463627831874
0.7059377910556601;0.8229843425489616;0.8245821879206072;0.9299828308386542;0.1430779718974667;0.5831949693256007;0.3650368762767887;150.05427446562638;75.3215042115693;0.5158998001799517
0.6902208862461316;0.6328683083850577;0.9682266758897062;0.787887096237766;0.7984838265943889;0.7485376504630499;0.8965724306263747;132.80763026833282;-7.594589699841293;-3.2747560229031727
0.7723561464364772;0.8218495255685961;0.5255463009622717;0.8475820256449595;0.4399121142015349;0.9391098896156602;0.3144406333094162;159.44567341740327;113.18626045785146;-4.590901768433078
0.6867147008526941;0.8681192134649852;0.9972513146991312;0.7713582977631602;0.2948733453790664;0.778348769632707;0.6901309483195955;146.15767856224565;55.04413943774512;-0.3626016679897716
0.7616403773413598;0.5338103521590183;0.7142285268717712;0.687193699442966;0.7475486379235551;0.8143603769664224;0.526187629426509;158.2600303050673;76.53617158211597;-0.7287700672580506
0.8193076923836731;0.7622915952842824;0.7828939603840224;0.9470068665374504;0.6615080232422454;0.7500295027187349;0.4275639404062953;153.8218525087034;44.53045154201968;-0.380486580724634
0.8912401891460092;0.6008871616442143;0.7705527800795735;0.8040980077131259;0.8302533218875046;0.891311793350936;0.7875409756565769;138.63960314417534;19.739458726113696;-4.027024372474244
0.7463003500482228;0.5314500419496456;0.7271748571458279;0.6866572542140306;0.4298572706910881;0.9347325068757824;0.762950066438944;158.98983302207455;74.25957293915366;-2.9111216171595906
0.883470308907533;0.6768581207711961;0.7031258896519033;0.9261919385704388;0.8277872464566148;0.5961480137665911;0.8631182983613733;141.62323621794627;-101.14655308704803;-2.448359800741564
0.6460265112061764;0.8945962118715621;0.6334998153547857;0.9608067309777848;0.7450123185919676;0.9120564098098328;0.3399855985848867;155.2124027933682;137.04840380268342;-7.329154251808559
0.9493974167727484;0.5957018280461163;0.6524783995201902;0.954168949534446;0.0639443742797894;0.923992233384178;0.9735076726847456;131.09791342136435;64.980105237033;3.762412877351757
0.5769691953205761;0.9541084948397262;0.6290312373054853;0.8455113769066439;0.9732962234456696;0.8336365396099026;0.9537112871346908;113.13109752996712;-2.9507274693794443;-14.476276496237093
0.8714159072635127;0.5521910181757508;0.76060360441364;0.8922445537495957;0.133897324716766;0.6450883807361958;0.893795466552006;145.9978696279453;38.84149739177751;3.40581367368546
0.9945074586483666;0.4114089127014024;0.5931201453439817;0.7781583426174773;0.0015459651149501;0.8100601882674524;0.4669985618746303;114.6914637697094;41.50713491432407;4.542842907470547
0.7894074091398915;0.44023905727523;0.6858823496912879;0.7753300644001938;0.2566127474354959;0.9950147530601324;0.9693683706689432;145.2746035244216;95.71349327824112;-1.4565071643723542
0.5935506768169049;0.3702319783516895;0.7868919545695205;0.6745845290478949;0.4130512831760664;0.7716776829043355;0.4177723923150891;164.32227715200074;91.3542880576112;2.186645309947048
0.8547924287703667;0.789041304383776;0.5186033140927877;0.8869310913205626;0.2011677500522039;0.731639795431274;0.4447076843059345;137.23354612266832;46.62370795545726;1.1077065847993168
0.496492829194523;0.6101316426587798;0.9073967780952626;0.7519835102048086;0.033030217452962;0.953202133795765;0.5362305946968015;143.93327013634664;88.35202787482706;0.2145062529042896
0.8606865108510785;0.5258354852759559;0.9159051094968232;0.8891917519582928;0.4679817768209174;0.9601784652294948;0.9791993912291952;132.76879894507633;55.25596341401109;-1.8069438125570336
0.7739945143749558;0.3970013450921047;0.6994637953332187;0.9168805491012032;0.0077054594205433;0.8533170171093756;0.8210496807946814;126.35309763357972;84.57475936266317;4.940012167939173
0.8732168351351648;0.8985825568708036;0.5568578143820475;0.6936110510457048;0.949975479214196;0.9691649139239495;0.5310285776732839;115.08278301265624;69.85371037595814;-5.520017988415262
0.9383782945568268;0.9927380703907352;0.8377026101865922;0.8337469946753697;0.5111268685370817;0.7757287822515604;0.696087502155736;142.74930943396106;-4.726788807779002;-1.7192256759430204
0.902814209094161;0.8439070403560334;0.6831047318518972;0.6838539552114802;0.2633085799356306;0.8226703179061042;0.5738561251364044;148.19238893675072;26.462681241977805;1.2337948767138585
0.4949377616701924;0.6623904579626311;0.8805011194236222;0.9254222061746532;0.1264800021253102;0.9750602919679492;0.4481704475927806;153.04713952587073;114.19729048138085;-1.839116437037028
0.7505542127313762;0.8455249689220625;0.6376947600993409;0.7256709535565689;0.7707290188498526;0.9110485398048324;0.4812292721177031;142.19616327197986;88.82234127548244;-4.476379621089762
0.9803270931080198;0.5852397939404143;0.9502193100954984;0.6707868727019408;0.6549853427036255;0.99790166310927;0.9076718854102754;136.7384067160003;22.856481799321102;-3.390506247708892
0.4375113987075588;0.9422982190135408;0.8888093701220795;0.6686958661752883;0.8001151804205907;0.8947902307793748;0.9985703499054897;110.40979674982964;50.098787030750486;-15.120866296721104
0.605132126188296;0.8302200112362732;0.7077537399787872;0.902351473431432;0.2329106059009969;0.9384635783229196;0.4887934923526709;163.79438750020378;112.29517675647172;-4.019264035200113
0.7678579501519653;0.4840459575149036;0.6134665925991665;0.9308001159992296;0.259445518564084;0.6269402457003016;0.4738096558893752;143.5862388972926;63.630269318083975;1.9117259405631355
0.8916190183544208;0.4011120684745066;0.8278201254263171;0.976908450859427;0.8958185556699289;0.6646903135090291;0.4310007267677265;167.42294843273828;40.87824028424728;4.288639802293407
0.4643765867238781;0.4223124948399779;0.5370861676586919;0.7490886360952034;0.1750853296894662;0.7312236420616596;0.8904857070237303;146.24073134925715;73.53875748477111;-0.7748582465154765
0.7527297404265021;0.9686537414567484;0.9030357638136388;0.980163878177617;0.9916326990812636;0.7916010253437264;0.9054734309363875;85.4749285936276;-97.88229224344823;-7.0707177342577765
0.5527551138283161;0.6496423056501369;0.7984850632104543;0.9479924364105614;0.8506619696933175;0.8677505233047438;0.5408181651410215;146.6393960705627;118.80130379885094;-5.752991134639357
0.6105586571590145;0.703189215829598;0.9448608164031632;0.7269188262151844;0.0992616673521517;0.9723025372068844;0.8401513133770612;139.6228251466247;101.93899809809147;-0.3521211592177202
0.9391919477024666;0.9583441693705818;0.6951153869390918;0.932913743005154;0.9187054329960792;0.892618242081837;0.8791974424826866;103.04318912986712;-68.56046266141709;-7.742002668848297
0.7572520508396985;0.8739680361038203;0.6384911525580196;0.83960574879272;0.7591855657096744;0.85688687174277;0.4867984046455275;141.36014281792873;69.85179730522486;-3.901845187321896
0.6384213218476987;0.5141490901565651;0.7003889430445812;0.7058974819534782;0.8905317570191867;0.7870189788086646;0.9566695704150128;143.8644148454727;18.80128418516196;-7.808258341612017
0.8280307219915237;0.9358519063259416;0.9392152144290368;0.9281155447693024;0.9865796695283612;0.941015590141772;0.6024965229876137;91.97041243797608;28.018852667200008;-2.988303309644856
0.918574240354592;0.4453058240649141;0.8211438880765618;0.993020202773414;0.567786769501856;0.7909011202789824;0.7609269322006323;151.545778803658;11.69367189594726;0.0585630114725823
0.8791367008435285;0.604971471691325;0.7741212258468038;0.8229718672550882;0.774535210035734;0.8652992506883976;0.5958020479366525;149.102697887694;51.59270920224415;-1.481483640023761
0.7912135563586706;0.4560488044400816;0.7909636083968962;0.9820668171890828;0.3972722223244559;0.8840793130543096;0.344832985635055;169.05281018276233;97.07170195458906;0.7140096778510561
0.696129236946143;0.8345589196318699;0.923531364877227;0.6984668816988374;0.0758614703613776;0.7805713035011256;0.7253930301963465;150.75132482032942;61.61332939313701;1.0806934777848944
0.5493957489512187;0.5904252167849323;0.7336743624114006;0.91628520860901;0.1903081038006153;0.9707456327365946;0.7184659832677676;155.7153294301571;142.95112778665566;-5.336359807028014
0.921466717854914;0.3560894908547008;0.7976938474767803;0.9629079407679392;0.0380071808396429;0.7421885537162229;0.5221263488274528;134.7141731816454;70.45314132918492;4.084481007816537
0.952381265706464;0.9376056940197436;0.7954373536559873;0.8810753172063759;0.7064320325354563;0.6760106882675851;0.9311201640092646;137.6629059571256;-110.2510172906637;-4.234000867161358
0.4975157160310078;0.8657696591597264;0.5210961675993153;0.8552685743688639;0.0729014911836189;0.9920766787374232;0.4036760456344737;178.0713378000777;135.6762274462991;-8.824453086911316
0.9140011164202928;0.5180106521338455;0.5828160640026877;0.9548054542698744;0.8795494429282678;0.872107647120196;0.5104136299844093;148.53030562185043;75.90288136522634;-4.18935799822037
0.981841163574361;0.4363039717426099;0.7669685406980882;0.7942446376110204;0.7182152801692773;0.765394718062871;0.7774277975947095;154.09041260751874;-8.204081924018425;0.0562585670690403
0.7233577086722456;0.6910424462861364;0.7949291507110279;0.8112225308762453;0.7947201163597106;0.6390729619863638;0.8432674765983397;144.59800808897464;-41.737561547488525;-2.531402493314019
0.8264024865049959;0.764962304819722;0.5317211089095079;0.8145003637950206;0.2048115428662342;0.8485962353494667;0.6976872208958939;147.64083875808177;42.68086504186852;0.951289015206843
0.9700393732490932;0.7920235153701201;0.970528748149567;0.9105568803519956;0.4754781806926876;0.7892117522545017;0.8443739591862001;147.1813943909425;-6.978305478769613;-2.558493496393844
0.4725099492674786;0.658886204532924;0.99445457435647;0.8797263891763714;0.1438413348461316;0.6234953071282174;0.73681280479674;134.60953652875085;58.65188093817788;3.074336956272816
0.5635489776212816;0.3996100360365995;0.843146991264409;0.7135585648780296;0.4918611324909358;0.6826014863471999;0.9224969738747312;152.91418972260453;40.35255354507632;-0.0130038627908426
0.8360163092587697;0.8162586255733388;0.6500759832005889;0.8477958970331515;0.8708303527662675;0.7828549603772669;0.9335235282069728;126.2844042544908;-70.89747210581163;-6.431490685485512
0.7109980047834796;0.4888851241047037;0.6269053742319066;0.7484540730613747;0.4616643195898886;0.987768471080858;0.4950729770335393;169.49734379747832;133.24377496181248;-5.155679597499237
0.8958490796081312;0.9442423996100048;0.6652388554916201;0.673884630861952;0.415899640006607;0.8343333742031567;0.6063859352304759;144.4423749560102;9.96196296467599;0.2994994103583224
0.7308743331523164;0.7016867578495685;0.904549537535053;0.8461179892430195;0.0171206096381076;0.6904641585113973;0.6109971798925979;145.87603298431733;77.4476740976553;2.4498794806660182
0.7097273990396333;0.5390581471332261;0.6232649622639694;0.7278298210043548;0.7122235199038272;0.6619800888286942;0.5171097830878644;154.24783265955247;53.13596726443933;0.6805086029207175
0.9165780947163216;0.4209702896062884;0.5128318679311962;0.9348686268835116;0.5072959004408811;0.8853967026473266;0.3202377273660175;157.1879427929763;108.39392502147123;-2.62151857516972
0.7781318956185317;0.8792183554227696;0.9289519130719373;0.8098137523464011;0.4195597198908723;0.733473779541609;0.9149757795963004;149.3596045145616;2.6891116239316943;-2.3419745561665035
